SamplingTime,AccelerationX,AccelerationY,AccelerationZ,GyroX,GyroY,GyroZ,duration,subject,Activity
1759510716.42131,-6.892757,10.882544,2.376544,0.157022,-0.242454,-0.655733,3.51953,1,DOWNSTAIRS
1759510716.44141,-2.459893,11.002254,1.204732,0.264846,-0.147892,-0.228666,3.53963,1,DOWNSTAIRS
1759510716.46179,1.131859,10.472388,1.653496,-0.159546,0.02723,0.151172,3.56001,1,DOWNSTAIRS
1759510716.48178,3.039738,10.486304,3.796306,-1.136481,-0.444594,0.451415,3.58000,1,DOWNSTAIRS
1759510716.50099,2.818873,10.489596,-1.616834,-1.322397,0.380787,0.550313,3.59921,1,DOWNSTAIRS
1759510716.52176,-0.588225,9.930251,-1.576881,-1.140174,0.551163,0.530152,3.61998,1,DOWNSTAIRS
1759510716.54140,-3.535338,9.425673,-1.166275,-0.74824,-0.124669,0.443099,3.63962,1,DOWNSTAIRS
1759510716.56178,-2.659958,8.758289,-1.455076,-0.414272,-0.574205,0.290162,3.66000,1,DOWNSTAIRS
1759510716.58179,-0.430657,8.147768,-2.364125,-0.234647,-0.300002,0.204457,3.68001,1,DOWNSTAIRS
1759510716.60180,0.583886,8.467992,-2.648735,-0.102,0.300201,0.225486,3.70002,1,DOWNSTAIRS
1759510716.62176,-1.547851,9.519196,-2.261174,0.133951,0.352385,0.213464,3.71998,1,DOWNSTAIRS
1759510716.64139,-3.727622,8.484751,-2.360832,0.558005,-0.020794,0.022702,3.73961,1,DOWNSTAIRS
1759510716.66176,-3.876661,7.071574,-2.688688,0.974286,-0.087354,-0.148987,3.75998,1,DOWNSTAIRS
1759510716.68179,-2.74181,5.888838,-2.733131,1.219189,0.113381,-0.230111,3.78001,1,DOWNSTAIRS
1759510716.70178,-1.377265,5.861903,-1.640477,0.799375,1.276147,-0.073304,3.80000,1,DOWNSTAIRS
1759510716.72175,-0.608726,7.489811,-1.723376,0.418868,2.136502,0.378122,3.81997,1,DOWNSTAIRS
1759510716.74139,-1.485901,7.699453,0.073771,0.568674,1.624329,0.642833,3.83961,1,DOWNSTAIRS
1759510716.76179,-3.651756,6.469133,-0.043096,1.021494,0.628125,0.428246,3.86001,1,DOWNSTAIRS
1759510716.78178,-5.663783,5.240608,-1.78383,1.033414,-0.106393,-0.503651,3.88000,1,DOWNSTAIRS
1759510716.80179,-1.461062,6.707356,-6.456414,0.957912,0.62651,-0.8858,3.90001,1,DOWNSTAIRS
1759510716.82176,1.652149,6.92852,-0.455198,0.482666,1.698577,-0.373425,3.91998,1,DOWNSTAIRS
1759510716.84139,1.818995,5.676502,0.04968,0.666273,1.55722,0.445022,3.93961,1,DOWNSTAIRS
1759510716.86179,0.282516,5.104737,-2.475605,1.120557,0.907172,0.871938,3.96001,1,DOWNSTAIRS
1759510716.88178,-6.987328,11.149199,-5.498434,1.131973,-0.518168,-0.273232,3.98000,1,DOWNSTAIRS
1759510716.90178,-6.422446,15.717934,-7.538144,1.488094,0.12041,-1.326339,4.00000,1,DOWNSTAIRS
1759510716.92177,0.016011,15.444396,-3.646519,1.857072,-0.555272,-1.106159,4.01999,1,DOWNSTAIRS
1759510716.94139,-1.498471,15.229666,-4.760271,1.676573,-0.321462,-1.05366,4.03961,1,DOWNSTAIRS
1759510716.96179,-2.441487,18.994249,-4.979191,1.717365,0.167013,-0.92447,4.06001,1,DOWNSTAIRS
1759510716.98179,-1.418864,16.231789,-3.964648,1.347733,-0.995837,-1.340011,4.08001,1,DOWNSTAIRS
1759510717.00098,0.504877,14.72449,-5.928791,0.374896,-0.630348,-1.449613,4.09920,1,DOWNSTAIRS
1759510717.02176,0.483778,11.613225,-5.737405,0.343889,0.181127,-1.064268,4.11998,1,DOWNSTAIRS
1759510717.04139,-1.603217,8.425196,-4.076128,0.119959,0.263834,-0.790811,4.13961,1,DOWNSTAIRS
1759510717.06156,-2.387019,7.335235,-3.000683,-0.201792,-0.198074,-0.256593,4.15978,1,DOWNSTAIRS
1759510717.08180,-3.125481,9.045444,-2.90686,-0.358549,-0.589416,0.039579,4.18002,1,DOWNSTAIRS
1759510717.10179,-1.499369,9.684246,-3.834314,-0.516476,-0.308088,-0.122461,4.20001,1,DOWNSTAIRS
1759510717.12177,-0.056713,8.642769,-3.627964,-0.50898,0.139056,-0.185381,4.21999,1,DOWNSTAIRS
1759510717.14139,0.814477,7.208043,-2.460192,-0.348162,0.512046,0.077792,4.23961,1,DOWNSTAIRS
1759510717.16176,1.025766,4.866514,-1.331475,-0.26747,0.729369,0.417425,4.25998,1,DOWNSTAIRS
1759510717.18177,0.974739,3.057545,-0.918625,-0.282672,0.61644,0.678855,4.27999,1,DOWNSTAIRS
1759510717.20179,1.061529,1.922544,-1.17271,-0.39651,0.256679,0.811456,4.30001,1,DOWNSTAIRS
1759510717.22131,0.874333,1.82513,-1.575235,-0.585302,-0.307951,0.86585,4.31953,1,DOWNSTAIRS
1759510717.24142,0.456544,3.367894,-1.712602,-0.831565,-0.734261,0.980532,4.33964,1,DOWNSTAIRS
1759510717.26177,0.193332,6.67698,-1.488894,-1.092488,-1.007766,1.256522,4.35999,1,DOWNSTAIRS
1759510717.28177,-0.179565,10.292823,-0.776918,-1.373053,-1.297447,1.419477,4.37999,1,DOWNSTAIRS
1759510717.30177,-1.257854,10.780791,-1.009904,-1.589725,-0.997058,1.319931,4.39999,1,DOWNSTAIRS
1759510717.32176,-2.631078,8.933515,-2.490718,-1.526973,-0.080062,1.07965,4.41998,1,DOWNSTAIRS
1759510717.34142,-3.713107,7.261165,-3.271826,-1.45912,0.503618,0.659058,4.43964,1,DOWNSTAIRS
1759510717.36176,-3.705476,7.678055,-3.037943,-1.533795,-0.172121,0.320972,4.45998,1,DOWNSTAIRS
1759510717.38177,-3.606416,9.660753,-3.776255,-1.40513,-1.000679,0.269649,4.47999,1,DOWNSTAIRS
1759510717.40177,-4.256741,9.997288,-5.501127,-0.939227,-0.919277,0.161327,4.49999,1,DOWNSTAIRS
1759510717.42176,-3.775806,6.841581,-5.845443,-0.379419,-0.064762,-0.155615,4.51998,1,DOWNSTAIRS
1759510717.44137,-1.013645,5.33892,-3.004573,-0.340141,0.187072,-0.284634,4.53959,1,DOWNSTAIRS
1759510717.46177,0.968604,6.458958,-1.884237,-0.670375,-0.090674,-0.142853,4.55999,1,DOWNSTAIRS
1759510717.48183,0.849044,11.442937,-4.210952,-0.929034,-0.01048,0.306247,4.58005,1,DOWNSTAIRS
1759510717.50179,-2.468572,17.952921,-6.033837,-0.138969,-0.439824,0.406673,4.60001,1,DOWNSTAIRS
1759510717.52176,-3.796007,18.30038,-4.532673,1.08414,-2.541506,-0.060121,4.61998,1,DOWNSTAIRS
1759510717.54100,-1.466598,19.686024,1.051503,0.840581,-3.332473,-0.323911,4.63922,1,DOWNSTAIRS
1759510717.56177,0.298078,21.357925,-2.506729,0.290752,-1.598387,-0.31686,4.65999,1,DOWNSTAIRS
1759510717.58179,-5.030966,12.873922,-12.018144,2.130669,-1.219199,-0.942248,4.68001,1,DOWNSTAIRS
1759510717.60179,-0.762553,9.285313,0.829441,1.448217,0.284117,-0.636516,4.70001,1,DOWNSTAIRS
1759510717.62176,0.836923,8.336161,6.919991,-0.240051,0.726176,-0.336981,4.71998,1,DOWNSTAIRS
1759510717.64138,1.338059,10.105327,9.830742,-1.788346,-0.522655,0.385477,4.73960,1,DOWNSTAIRS
1759510717.66140,-1.925686,10.556035,3.164237,-1.892373,0.15197,0.67115,4.75962,1,DOWNSTAIRS
1759510717.68179,-6.030395,11.473014,-6.441151,-1.2753,0.381182,0.435237,4.78001,1,DOWNSTAIRS
1759510717.70179,-4.849605,10.195109,-6.113444,-0.909266,-0.669983,0.437659,4.80001,1,DOWNSTAIRS
1759510717.72176,-1.253963,8.554632,-2.54354,-0.564841,-0.315525,0.212754,4.81998,1,DOWNSTAIRS
1759510717.74140,0.475848,7.922563,-1.869871,-0.444651,0.723585,0.20756,4.83962,1,DOWNSTAIRS
1759510717.76179,0.530465,6.965182,-1.725322,-0.207048,0.958252,0.243645,4.86001,1,DOWNSTAIRS
1759510717.78185,-1.428141,7.196821,-2.294842,0.190444,0.51495,0.120909,4.88007,1,DOWNSTAIRS
1759510717.80179,-3.667767,7.743297,-3.773262,0.67105,0.224144,-0.175435,4.90001,1,DOWNSTAIRS
1759510717.82176,-5.286397,6.427384,-5.470003,1.345073,-0.067915,-0.485546,4.91998,1,DOWNSTAIRS
1759510717.84138,-3.557784,5.752369,-3.178452,1.489087,0.434788,-0.571797,4.93960,1,DOWNSTAIRS
1759510717.86093,-2.13877,6.019622,-1.045219,1.107728,1.928992,-0.33875,4.95915,1,DOWNSTAIRS
1759510717.88185,-1.448492,6.132448,-0.546028,0.830152,3.030353,0.112625,4.98007,1,DOWNSTAIRS
1759510717.90179,-2.34527,5.478233,-0.793379,0.864504,2.843646,0.416266,5.00001,1,DOWNSTAIRS
1759510717.92176,-3.664475,5.943306,-1.124976,0.727957,1.497998,0.380985,5.01998,1,DOWNSTAIRS
1759510717.94138,-2.970905,8.000973,-2.321029,0.571589,0.895649,0.207978,5.03960,1,DOWNSTAIRS
1759510717.96133,-2.146851,6.656629,-1.907131,0.762582,0.504694,0.023491,5.05955,1,DOWNSTAIRS
1759510717.98179,-1.382651,5.484368,-1.187674,0.577367,0.65264,-0.199114,5.08001,1,DOWNSTAIRS
1759510718.00179,-0.052822,8.730905,-3.606416,0.677454,0.928255,0.173354,5.10001,1,DOWNSTAIRS
1759510718.02177,-1.565509,9.729736,-4.702062,1.145867,1.06282,0.235741,5.11999,1,DOWNSTAIRS
1759510718.04139,-2.971354,14.49749,-4.004751,1.288745,0.613311,-0.138938,5.13961,1,DOWNSTAIRS
1759510718.06180,-0.226851,16.836176,-3.4478,1.33526,-1.039785,-0.667752,5.16002,1,DOWNSTAIRS
1759510718.08179,-1.187225,19.03525,-3.440318,1.11212,-1.839148,-1.330318,5.18001,1,DOWNSTAIRS
1759510718.10181,-3.595642,21.171327,-6.67249,1.241626,-0.440936,-1.872847,5.20003,1,DOWNSTAIRS
1759510718.12177,-0.564283,16.652271,-6.353164,0.895674,-0.01186,-1.995964,5.21999,1,DOWNSTAIRS
1759510718.14141,0.865803,13.842975,-5.091419,0.269753,-0.012066,-1.649933,5.23963,1,DOWNSTAIRS
1759510718.16179,0.951994,10.237008,-3.783587,0.26433,0.377704,-1.048964,5.26001,1,DOWNSTAIRS
1759510718.18175,-0.133776,7.137863,-2.13877,0.295102,0.659895,-0.444085,5.27997,1,DOWNSTAIRS
1759510718.20180,-0.681599,6.343587,-1.727416,0.100132,0.238582,-0.145879,5.30002,1,DOWNSTAIRS
1759510718.22176,0.334141,7.20101,-2.65921,-0.239634,0.002126,-0.13939,5.31998,1,DOWNSTAIRS
1759510718.24179,1.059285,7.233931,-2.826056,-0.418962,0.007104,-0.106759,5.34001,1,DOWNSTAIRS
1759510718.26088,1.072453,6.964583,-2.627786,-0.446687,0.092979,-0.032404,5.35910,1,DOWNSTAIRS
1759510718.28178,1.095647,4.631733,-1.52376,-0.48322,-0.04069,0.421923,5.38000,1,DOWNSTAIRS
1759510718.30178,1.331326,3.688268,-1.165677,-0.614993,-0.245546,0.638321,5.40000,1,DOWNSTAIRS
1759510718.32177,1.702876,3.817106,-1.274763,-0.767957,-0.392059,0.842594,5.41999,1,DOWNSTAIRS
1759510718.34139,1.820341,4.000561,-1.458817,-0.818329,-0.386905,0.969473,5.43961,1,DOWNSTAIRS
1759510718.36177,1.073799,5.452495,-1.380108,-1.073587,-0.379121,1.395182,5.45999,1,DOWNSTAIRS
1759510718.38178,0.146346,6.940042,-0.604237,-1.210046,-0.506853,1.538997,5.48000,1,DOWNSTAIRS
1759510718.40179,-0.384269,7.290194,-0.616208,-1.429868,-0.641447,1.704131,5.50001,1,DOWNSTAIRS
1759510718.42128,-1.757793,7.660697,-1.411532,-1.646886,-0.22676,1.584188,5.51950,1,DOWNSTAIRS
1759510718.44180,-3.395277,7.517793,-2.732233,-1.890142,0.413726,0.998357,5.54002,1,DOWNSTAIRS
1759510718.46179,-3.740342,6.626402,-3.215562,-1.901966,0.431124,0.376419,5.56001,1,DOWNSTAIRS
1759510718.48179,-4.214244,8.33257,-4.062362,-1.397266,-0.613689,0.113555,5.58001,1,DOWNSTAIRS
1759510718.50179,-5.773617,9.072678,-3.995474,-0.800465,-1.941226,0.11563,5.60001,1,DOWNSTAIRS
1759510718.52176,-6.524499,7.509264,-4.8309,-0.48743,-1.832486,-0.316646,5.61998,1,DOWNSTAIRS
1759510718.54178,-3.22888,7.476044,-6.047604,-0.348086,-0.768599,-0.492063,5.64000,1,DOWNSTAIRS
1759510718.56179,0.242563,8.251167,-6.390274,-0.252008,-0.001419,-0.387736,5.66001,1,DOWNSTAIRS
1759510718.58178,0.895581,13.131598,-6.827964,-0.030456,0.237598,-0.052154,5.68000,1,DOWNSTAIRS
1759510718.60179,-0.174926,19.924397,-4.95091,0.69274,-1.108443,0.009516,5.70001,1,DOWNSTAIRS
1759510718.62076,-1.360954,19.06832,5.546467,0.549721,-3.240125,-0.104392,5.71898,1,DOWNSTAIRS
1759510718.64113,-0.767342,18.972103,1.367837,0.121196,-1.733497,-0.169629,5.73935,1,DOWNSTAIRS
1759510718.66088,-4.416554,19.137153,-16.566229,1.394367,-0.481125,-0.793644,5.75910,1,DOWNSTAIRS
1759510718.68178,-6.06571,13.260136,-3.64592,1.994488,-0.318654,-0.553111,5.78000,1,DOWNSTAIRS
1759510718.70180,-2.33719,9.365219,4.522797,0.407721,1.241086,-0.619435,5.80002,1,DOWNSTAIRS
1759510718.72078,2.204012,9.725546,7.683442,-0.832566,0.063148,-0.047425,5.81900,1,DOWNSTAIRS
1759510718.74138,1.51957,11.966669,10.241946,-1.763678,-1.14336,0.650646,5.83960,1,DOWNSTAIRS
1759510718.76178,-1.612196,9.711929,1.012897,-1.865187,-0.210712,0.529996,5.86000,1,DOWNSTAIRS
1759510718.78177,-3.815011,11.027244,-10.704476,-1.28108,0.480408,0.311901,5.87999,1,DOWNSTAIRS
1759510718.80179,-2.103157,10.239552,-4.431069,-0.574022,-0.702241,0.470353,5.90001,1,DOWNSTAIRS
1759510718.82080,-0.423175,7.885154,-1.16014,-0.515203,0.078825,0.430484,5.91902,1,DOWNSTAIRS
1759510718.84141,0.702848,7.092074,-1.200991,-0.477389,0.805196,0.546597,5.93963,1,DOWNSTAIRS
1759510718.86180,-0.489465,6.459107,-1.123329,-0.376548,0.763901,0.588813,5.96002,1,DOWNSTAIRS
1759510718.88179,-3.62138,7.306655,-2.06455,-0.108681,0.667672,0.412584,5.98001,1,DOWNSTAIRS
1759510718.90178,-4.979939,8.6712,-3.555838,0.320463,0.447824,0.082731,6.00000,1,DOWNSTAIRS
1759510718.92082,-5.683236,7.801955,-4.402189,0.772537,0.272387,-0.153195,6.01904,1,DOWNSTAIRS
1759510718.94140,-4.60001,6.545298,-4.579958,1.326032,0.405823,-0.472835,6.03962,1,DOWNSTAIRS
1759510718.96176,-1.225532,6.337601,-2.049137,1.369919,1.118441,-0.459693,6.05998,1,DOWNSTAIRS
1759510718.98178,-0.360776,6.577919,-1.428889,1.101338,2.229031,-0.228185,6.08000,1,DOWNSTAIRS
1759510719.00179,0.232686,7.02773,-0.934786,1.23752,2.561451,0.222779,6.10001,1,DOWNSTAIRS
1759510719.02083,-0.536002,5.433341,0.438289,1.187884,1.900659,0.330741,6.11905,1,DOWNSTAIRS
1759510719.04139,-1.267281,4.623652,-0.580594,0.787125,0.706448,0.141107,6.13961,1,DOWNSTAIRS
1759510719.06178,-1.613991,5.47524,0.155773,0.233404,-0.058599,0.164057,6.16000,1,DOWNSTAIRS
1759510719.08179,-2.288109,6.347029,-0.2273,0.142513,-0.437097,0.154311,6.18001,1,DOWNSTAIRS
1759510719.10179,-3.328539,7.809287,-2.595315,0.482617,-0.682778,-0.044879,6.20001,1,DOWNSTAIRS
1759510719.12085,-2.54773,10.412233,-8.467094,1.420799,-0.081996,-0.257838,6.21907,1,DOWNSTAIRS
1759510719.14140,-1.521066,13.155839,-7.522282,1.812044,1.097068,-0.530896,6.23962,1,DOWNSTAIRS
1759510719.16179,-0.437091,17.285388,-4.556166,1.771067,0.004006,-0.77085,6.26001,1,DOWNSTAIRS
1759510719.18179,-2.500145,17.034595,-6.47437,1.927916,0.021509,-1.200305,6.28001,1,DOWNSTAIRS
1759510719.20179,-3.804835,20.395456,-4.110096,2.027957,0.950851,-1.229806,6.30001,1,DOWNSTAIRS
1759510719.22087,-2.421136,16.616957,-3.998466,1.404958,-0.03587,-1.328739,6.31909,1,DOWNSTAIRS
1759510719.24140,-0.737713,14.671069,-4.432266,0.508286,-0.228546,-1.305251,6.33962,1,DOWNSTAIRS
1759510719.26180,1.770213,13.531579,-3.93921,0.224224,0.00125,-1.024507,6.36002,1,DOWNSTAIRS
1759510719.28179,1.975516,9.50124,-2.770091,-0.077088,-0.304953,-0.774638,6.38001,1,DOWNSTAIRS
1759510719.30131,0.811784,7.88246,-2.075773,-0.178928,-0.870196,-0.607819,6.39953,1,DOWNSTAIRS
1759510719.32088,-0.594959,6.544999,-2.63018,-0.249866,-0.729014,-0.464861,6.41910,1,DOWNSTAIRS
1759510719.34136,-1.203984,5.398476,-2.809147,-0.555877,-0.364487,-0.431953,6.43958,1,DOWNSTAIRS
1759510719.36177,-0.604835,5.064784,-2.428169,-0.889797,-0.089424,-0.291123,6.45999,1,DOWNSTAIRS
1759510719.38177,0.060304,4.365079,-1.895908,-0.903245,0.293759,0.057764,6.47999,1,DOWNSTAIRS
1759510719.40179,0.517148,3.795707,-1.19321,-0.768541,0.483664,0.467978,6.50001,1,DOWNSTAIRS
1759510719.42089,0.818069,3.5099,-1.28404,-0.764146,0.311738,0.855021,6.51911,1,DOWNSTAIRS
1759510719.44140,1.095347,3.641581,-1.667711,-0.949639,0.09801,1.241829,6.53962,1,DOWNSTAIRS
1759510719.46177,0.013767,3.999813,-1.1974,-1.336956,-0.10247,1.398052,6.55999,1,DOWNSTAIRS
1759510719.48079,-1.207127,5.41314,-1.080982,-1.570064,-0.394146,1.402165,6.57901,1,DOWNSTAIRS
1759510719.50180,-2.324022,6.872855,-1.195006,-1.762889,-0.618049,1.143341,6.60002,1,DOWNSTAIRS
1759510719.52091,-3.373879,8.222736,-1.795951,-2.013616,-0.289495,0.670909,6.61913,1,DOWNSTAIRS
1759510719.54139,-3.598036,8.132654,-2.858826,-1.936709,0.542513,0.219985,6.63961,1,DOWNSTAIRS
1759510719.56180,-2.761861,7.327903,-3.345598,-1.624609,0.571559,0.085426,6.66002,1,DOWNSTAIRS
1759510719.58081,-2.83653,7.342268,-3.84419,-1.136595,-0.568996,0.045665,6.67903,1,DOWNSTAIRS
1759510719.60180,-3.073257,7.853281,-5.058798,-0.613667,-1.40256,0.054945,6.70002,1,DOWNSTAIRS
1759510719.62094,-2.722656,8.056638,-6.724714,-0.133183,-0.534436,0.092022,6.71916,1,DOWNSTAIRS
1759510719.64140,-2.082058,7.548619,-4.890007,0.010951,0.842692,0.040242,6.73962,1,DOWNSTAIRS
1759510719.66179,-0.295085,9.23668,-0.68938,-0.442549,0.380334,-0.029354,6.76001,1,DOWNSTAIRS
1759510719.68083,-0.932841,17.25142,-5.354333,-0.414463,0.054566,-0.076147,6.77905,1,DOWNSTAIRS
1759510719.70101,-3.782839,18.661455,-2.546233,0.41474,-1.923573,-0.201057,6.79923,1,DOWNSTAIRS
1759510719.72095,-3.378069,15.598373,6.458958,0.082335,-2.25983,-0.231194,6.81917,1,DOWNSTAIRS
1759510719.74140,0.548422,19.661783,0.587627,-0.197045,-0.616123,0.091404,6.83962,1,DOWNSTAIRS
1759510719.76111,-0.495001,23.750331,-19.722835,0.340722,1.051924,-0.157149,6.85933,1,DOWNSTAIRS
1759510719.78085,-3.767276,13.936648,-2.21718,2.009297,-1.073918,-0.3956,6.87907,1,DOWNSTAIRS
1759510719.80180,-2.456152,9.149442,5.347898,0.742355,-0.11256,-0.644668,6.90002,1,DOWNSTAIRS
1759510719.82097,1.146523,9.622745,5.036203,-0.597155,-0.01599,-0.44615,6.91919,1,DOWNSTAIRS
1759510719.84141,1.720982,11.657966,6.438457,-1.185397,-0.660567,0.145929,6.93963,1,DOWNSTAIRS
1759510719.86179,0.705691,9.106795,2.602198,-1.420541,-0.92925,0.586421,6.96001,1,DOWNSTAIRS
1759510719.88085,-1.977611,8.073697,-4.853196,-1.143969,0.305559,0.577703,6.97907,1,DOWNSTAIRS
1759510719.90121,-3.371634,7.621642,-3.829376,-0.75519,0.439951,0.386013,6.99943,1,DOWNSTAIRS
1759510719.92098,-3.198055,8.001572,-3.817405,-0.217824,0.587595,0.504287,7.01920,1,DOWNSTAIRS
1759510719.94140,-2.10166,7.257573,-3.971382,0.149009,0.362027,0.402529,7.03962,1,DOWNSTAIRS
1759510719.96180,-1.627459,6.944232,-4.573673,0.35354,0.092321,0.225844,7.06002,1,DOWNSTAIRS
1759510719.98088,-1.534234,6.951714,-2.941426,0.486345,-0.034988,0.004559,7.07910,1,DOWNSTAIRS
1759510720.00180,-1.996166,6.195745,-2.303821,0.952702,0.532137,-0.029707,7.10002,1,DOWNSTAIRS
1759510720.02177,-2.750638,6.438607,-2.037316,1.087271,1.45747,0.003071,7.11999,1,DOWNSTAIRS
1759510720.04141,-2.630928,7.749133,-2.865859,0.902922,2.067004,0.153,7.13963,1,DOWNSTAIRS
1759510720.06179,-3.168427,7.23842,-1.633444,0.987321,1.906261,0.312807,7.16001,1,DOWNSTAIRS
1759510720.08089,-4.175039,6.74716,-0.725443,1.143165,1.565746,0.296221,7.17911,1,DOWNSTAIRS
1759510720.10180,-3.183839,6.182278,-1.06961,1.115083,0.87781,0.066515,7.20002,1,DOWNSTAIRS
1759510720.12163,-1.798045,6.037877,-1.898153,0.969877,0.674398,-0.171542,7.21985,1,DOWNSTAIRS
1759510720.14117,-0.731429,7.138911,-0.892738,0.629209,0.903813,-0.262797,7.23939,1,DOWNSTAIRS
1759510720.16108,1.26354,8.073248,-3.59235,0.798321,0.798757,0.043607,7.25930,1,DOWNSTAIRS
1759510720.18091,0.320973,7.130232,-4.517859,1.092648,0.93017,0.304259,7.27913,1,DOWNSTAIRS
1759510720.20180,-1.517176,9.20376,-5.498583,1.542041,0.605803,0.086913,7.30002,1,DOWNSTAIRS
1759510720.22177,-3.455581,14.547169,-7.245004,2.206923,-0.477551,-0.642742,7.31999,1,DOWNSTAIRS
1759510720.24138,-3.990236,17.471537,-7.792079,2.405407,-0.73555,-1.672973,7.33960,1,DOWNSTAIRS
1759510720.26179,-3.43957,21.847539,-5.338322,2.52848,0.822443,-2.184688,7.36001,1,DOWNSTAIRS
1759510720.28093,-1.304092,22.071547,-2.709937,2.640767,0.744749,-2.043259,7.37915,1,DOWNSTAIRS
1759510720.30177,3.884891,12.614001,-4.008791,1.00547,-0.907718,-1.310605,7.39999,1,DOWNSTAIRS
1759510720.32139,4.283526,13.074586,-4.627992,0.497208,-1.013373,-1.183229,7.41961,1,DOWNSTAIRS
1759510720.34140,2.163311,11.934946,-4.703858,0.078734,-0.963035,-1.152613,7.43962,1,DOWNSTAIRS
1759510720.36133,0.545429,9.030779,-4.481497,-0.17287,-1.236798,-0.613196,7.45955,1,DOWNSTAIRS
1759510720.38096,-3.284246,7.545476,-3.742436,-0.255318,-0.779059,-0.029759,7.47918,1,DOWNSTAIRS
1759510720.40180,-5.122394,7.032369,-1.827674,-0.582703,-0.710554,0.161833,7.50002,1,DOWNSTAIRS
1759510720.42178,-0.904859,5.929091,-1.974618,-1.02587,-0.664176,0.265197,7.52000,1,DOWNSTAIRS
1759510720.44140,1.862988,4.193444,-2.100912,-1.061572,-0.076527,0.584367,7.53962,1,DOWNSTAIRS
1759510720.46178,2.480243,1.993173,-1.553388,-0.929959,0.192061,0.959867,7.56000,1,DOWNSTAIRS
1759510720.48097,2.659659,1.302745,-0.973692,-0.91997,0.12639,1.280573,7.57919,1,DOWNSTAIRS
1759510720.50180,2.446724,1.619977,-0.534655,-0.990159,0.129879,1.705757,7.60002,1,DOWNSTAIRS
1759510720.52111,1.527351,2.384326,-0.614562,-1.190576,0.301298,2.001874,7.61933,1,DOWNSTAIRS
1759510720.54141,-0.290297,4.203021,-0.165499,-1.752132,0.134966,2.046347,7.63963,1,DOWNSTAIRS
1759510720.56160,-2.631228,7.337031,-0.136918,-2.343533,-0.111012,1.797399,7.65982,1,DOWNSTAIRS
1759510720.58098,-5.270087,10.566659,-1.341351,-2.650526,0.065262,1.057003,7.67920,1,DOWNSTAIRS
1759510720.60182,-4.9961,10.042329,-2.787599,-2.511567,-0.09174,0.48253,7.70004,1,DOWNSTAIRS
1759510720.62113,-4.626047,9.883713,-4.545392,-1.891517,-1.219617,0.118348,7.71935,1,DOWNSTAIRS
1759510720.64140,-4.849904,9.601048,-7.028478,-1.021439,-2.182429,-0.244334,7.73962,1,DOWNSTAIRS
1759510720.66179,-2.113631,8.631546,-9.373748,-0.114728,-1.497738,-0.369679,7.76001,1,DOWNSTAIRS
1759510720.68100,-1.237204,7.754071,-7.268946,0.13775,-0.345899,-0.177711,7.77922,1,DOWNSTAIRS
1759510720.70179,-1.244386,8.354417,-3.680935,-0.213865,-0.31922,-0.141548,7.80001,1,DOWNSTAIRS
1759510720.72145,0.102202,15.495423,-5.811775,-0.457717,-0.148043,0.048362,7.81967,1,DOWNSTAIRS
1759510720.74140,-0.168642,20.532673,-2.173785,0.523905,-1.266711,0.11902,7.83962,1,DOWNSTAIRS
1759510720.76179,-2.169895,20.023457,2.462287,0.824408,-2.254749,-0.194001,7.86001,1,DOWNSTAIRS
1759510720.78101,-2.145803,14.450653,0.177769,0.343336,-0.728686,-0.504182,7.87923,1,DOWNSTAIRS
1759510720.80099,-2.547131,18.435652,-6.936002,0.330079,0.047183,-0.251226,7.89921,1,DOWNSTAIRS
1759510720.82146,-5.713014,14.715961,-5.419126,1.108698,-0.623915,-0.308933,7.91968,1,DOWNSTAIRS
1759510720.84101,-2.845209,9.821913,2.546084,0.626182,-0.21196,-0.544612,7.93923,1,DOWNSTAIRS
1759510720.86177,0.511611,10.015245,6.932112,-0.49545,-0.89576,-0.373749,7.95999,1,DOWNSTAIRS
1759510720.88103,0.687585,10.291925,6.004059,-1.17503,-1.386242,-0.214827,7.97925,1,DOWNSTAIRS
1759510720.90180,0.864456,7.695862,-0.486173,-1.318195,0.099654,-0.026722,8.00002,1,DOWNSTAIRS
1759510720.92149,1.143082,8.971373,-5.8634,-1.004816,1.063425,0.491187,8.01971,1,DOWNSTAIRS
1759510720.94140,-0.983718,9.765649,-1.281048,-0.535047,-0.105661,0.551266,8.03962,1,DOWNSTAIRS
1759510720.96180,-3.0348,8.641721,-0.969502,-0.351848,-0.014982,0.395377,8.06002,1,DOWNSTAIRS
1759510720.98105,-2.41545,7.033716,-2.251597,-0.199038,0.052402,0.382575,8.07927,1,DOWNSTAIRS
1759510721.00099,-2.56015,6.431125,-3.10079,0.095811,0.116849,0.255869,8.09921,1,DOWNSTAIRS
1759510721.02149,-3.15481,7.677008,-3.921403,0.277008,0.633421,0.050672,8.11971,1,DOWNSTAIRS
1759510721.04139,-2.965518,8.991724,-4.055329,0.573109,1.080208,-0.007347,8.13961,1,DOWNSTAIRS
1759510721.06078,-3.578733,7.883059,-3.898508,1.055764,1.045924,-0.108702,8.15900,1,DOWNSTAIRS
1759510721.08107,-3.201347,5.602731,-3.190274,1.439485,0.870978,-0.162726,8.17929,1,DOWNSTAIRS
1759510721.10180,-1.420061,4.442591,-0.011672,1.228987,1.335597,-0.114841,8.20002,1,DOWNSTAIRS
1759510721.12151,-0.75148,4.070592,-1.508646,0.86633,2.158305,-0.033925,8.21973,1,DOWNSTAIRS
1759510721.14141,-0.246603,7.281515,-2.374749,0.619632,1.915489,0.321313,8.23963,1,DOWNSTAIRS
1759510721.16179,-0.52433,9.260622,-0.743998,0.568994,0.851782,0.634341,8.26001,1,DOWNSTAIRS
1759510721.18108,-2.28332,5.446659,-0.539593,0.996207,-0.13105,0.474379,8.27930,1,DOWNSTAIRS
1759510721.20179,-3.867833,4.350264,-2.322974,1.115276,-0.158352,-0.241012,8.30001,1,DOWNSTAIRS
1759510721.22177,-1.676839,8.792406,-9.864111,2.004369,0.516068,-0.568291,8.31999,1,DOWNSTAIRS
1759510721.24140,-0.112677,12.104934,-6.087108,2.307972,1.523781,-0.601057,8.33962,1,DOWNSTAIRS
1759510721.26177,1.407192,15.955858,-2.603844,1.954708,-0.076317,-0.63184,8.35999,1,DOWNSTAIRS
1759510721.28110,-0.295834,14.890887,-4.412663,1.708321,-0.897423,-0.832491,8.37932,1,DOWNSTAIRS
1759510721.30180,-1.661726,17.524509,-2.470218,1.308334,-0.309692,-1.035766,8.40002,1,DOWNSTAIRS
1759510721.32155,-3.666869,19.030761,-5.094412,1.288571,-0.662957,-1.416119,8.41977,1,DOWNSTAIRS
1759510721.34140,-3.711611,17.541268,-5.242105,0.451246,-1.102766,-1.545869,8.43962,1,DOWNSTAIRS
1759510721.36115,-1.194557,15.183877,-5.202301,-0.051568,-0.863606,-1.29824,8.45937,1,DOWNSTAIRS
1759510721.38112,-1.002273,9.695769,-3.999514,-0.498323,-0.097419,-0.957705,8.47934,1,DOWNSTAIRS
1759510721.40179,-1.192911,6.642713,-2.897134,-0.467952,0.030418,-0.479122,8.50001,1,DOWNSTAIRS
1759510721.42079,-1.196502,5.775862,-2.646042,-0.475213,-0.178157,-0.02001,8.51901,1,DOWNSTAIRS
1759510721.44140,-0.30137,6.079626,-2.792387,-0.882572,-0.202908,0.053834,8.53962,1,DOWNSTAIRS
1759510721.46142,1.695693,6.234202,-2.155829,-1.105033,-0.407081,0.034404,8.55964,1,DOWNSTAIRS
1759510721.48113,1.456722,5.131522,-2.026991,-0.911565,0.382173,0.418616,8.57935,1,DOWNSTAIRS
1759510721.50178,1.567005,3.962703,-0.805499,-0.707855,0.387609,0.897238,8.60000,1,DOWNSTAIRS
1759510721.52080,2.053926,2.792836,-0.279373,-0.644148,-0.017262,1.330106,8.61902,1,DOWNSTAIRS
1759510721.54141,2.028487,2.383727,-0.039804,-0.865981,-0.416867,1.665225,8.63963,1,DOWNSTAIRS
1759510721.56178,1.405995,2.866458,-0.208744,-1.271922,-0.662015,1.780048,8.66000,1,DOWNSTAIRS
1759510721.58115,-0.320075,4.226664,-0.777068,-1.630138,-0.501629,1.835319,8.67937,1,DOWNSTAIRS
1759510721.60173,-2.407819,6.010643,-1.563863,-2.127039,0.124255,1.727932,8.69995,1,DOWNSTAIRS
1759510721.62082,-5.018396,7.877223,-3.511995,-2.468474,1.041223,0.91613,8.71904,1,DOWNSTAIRS
1759510721.64138,-4.861277,7.445668,-4.332906,-2.190139,0.499175,0.140284,8.73960,1,DOWNSTAIRS
1759510721.66180,-5.049072,9.306112,-5.584326,-1.164153,-1.322146,-0.012554,8.76002,1,DOWNSTAIRS
1759510721.68115,-5.263353,9.431209,-5.376928,-0.266077,-1.767857,-0.009071,8.77937,1,DOWNSTAIRS
1759510721.70179,-4.069694,8.024017,-5.55365,0.263301,-0.577806,-0.246547,8.80001,1,DOWNSTAIRS
1759510721.72083,-2.714127,7.340323,-3.748272,0.168676,0.013124,-0.304442,8.81905,1,DOWNSTAIRS
1759510721.74139,-1.41198,9.580099,-4.653281,-0.337421,0.095649,-0.267455,8.83961,1,DOWNSTAIRS
1759510721.76179,-1.68896,18.773384,-10.27337,0.403359,0.34443,-0.348181,8.86001,1,DOWNSTAIRS
1759510721.78117,-3.790321,18.657714,3.895516,0.670574,-1.386072,-0.240689,8.87939,1,DOWNSTAIRS
1759510721.80097,-2.13069,16.933739,6.4826,-0.097953,-1.168873,-0.394711,8.89919,1,DOWNSTAIRS
1759510721.82085,-0.270844,21.792921,-5.488558,0.299286,-1.343135,-0.314532,8.91907,1,DOWNSTAIRS
1759510721.84140,-4.758625,22.585402,-23.320123,2.720896,-1.723124,-0.559487,8.93962,1,DOWNSTAIRS
1759510721.86180,-0.175974,11.30138,2.635717,1.342326,1.685587,-0.680775,8.96002,1,DOWNSTAIRS
1759510721.88121,3.763535,11.380987,10.927436,-0.320598,0.821921,-0.359893,8.97943,1,DOWNSTAIRS
1759510721.90180,2.531569,12.778752,11.66889,-1.587784,-0.535973,0.316823,9.00002,1,DOWNSTAIRS
1759510721.92086,1.590797,10.794557,7.094468,-2.403041,-1.205902,0.739322,9.01908,1,DOWNSTAIRS
1759510721.94141,-4.627393,7.814525,-5.433491,-2.358542,-0.366122,0.407418,9.03963,1,DOWNSTAIRS
1759510721.96181,-5.448156,8.007258,-7.649175,-1.354873,0.14832,0.036024,9.06003,1,DOWNSTAIRS
1759510721.98123,-0.940921,9.700557,-2.428319,-0.864886,0.441287,0.247249,9.07945,1,DOWNSTAIRS
1759510722.00180,0.835576,7.315034,-3.542221,-0.501852,0.931658,0.138266,9.10002,1,DOWNSTAIRS
1759510722.02088,1.816152,5.558588,-3.916166,0.107421,0.556148,0.171008,9.11910,1,DOWNSTAIRS
1759510722.04140,0.90426,5.526416,-3.184438,0.737266,-0.455975,0.108353,9.13962,1,DOWNSTAIRS
1759510722.06180,-1.930624,7.641693,-2.851045,1.154401,0.000567,0.114629,9.16002,1,DOWNSTAIRS
1759510722.08123,-3.976919,7.9073,-3.015647,1.418829,0.607269,0.12172,9.17945,1,DOWNSTAIRS
1759510722.10180,-4.000561,6.764218,-1.444452,1.280336,0.674236,0.052159,9.20002,1,DOWNSTAIRS
1759510722.12090,-3.157802,5.888689,-0.361674,0.937402,0.959276,0.166972,9.21912,1,DOWNSTAIRS
1759510722.14141,-1.801936,5.839308,-0.606332,0.613902,1.288578,0.421731,9.23963,1,DOWNSTAIRS
1759510722.16180,-1.656937,5.455488,0.826598,0.492739,0.968503,0.539572,9.26002,1,DOWNSTAIRS
1759510722.18124,-3.406949,8.052598,-1.801786,0.644221,0.458698,0.414395,9.27946,1,DOWNSTAIRS
1759510722.20181,-2.922422,10.347291,-4.880281,1.039737,-0.428164,0.222528,9.30003,1,DOWNSTAIRS
1759510722.22093,-2.711284,8.681076,-4.396951,0.956376,-0.293524,-0.016516,9.31915,1,DOWNSTAIRS
1759510722.24138,0.935534,7.264756,-1.418116,0.623072,0.683131,0.176525,9.33960,1,DOWNSTAIRS
1759510722.26180,0.468216,7.647379,-3.396774,0.899493,1.106479,0.843542,9.36002,1,DOWNSTAIRS
1759510722.28127,-0.79263,7.309348,-4.381838,1.288912,1.057764,0.891623,9.37949,1,DOWNSTAIRS
1759510722.30179,-6.338649,14.290242,-4.707,1.921175,-0.514669,-0.600371,9.40001,1,DOWNSTAIRS
1759510722.32093,-5.493945,18.543391,-4.343082,1.757049,-1.768365,-1.217621,9.41915,1,DOWNSTAIRS
1759510722.34140,-1.490989,21.984457,-3.753809,1.362023,-2.951074,-1.64546,9.43962,1,DOWNSTAIRS
1759510722.36177,-2.817826,13.404237,-4.043956,1.211304,0.804728,-1.998395,9.45999,1,DOWNSTAIRS
1759510722.38129,2.153135,14.371794,-2.991405,0.798453,0.78281,-1.325728,9.47951,1,DOWNSTAIRS